"","Distance_km","variable","value"
"1",1.25,"Elev_m",1317.24884695978
"2",1.5,"Elev_m",1322.16902629344
"3",1.75,"Elev_m",1316.23999385516
"4",2,"Elev_m",1315.91887428554
"5",2.25,"Elev_m",1316.85530013932
"6",2.5,"Elev_m",1314.0046906423
"7",2.75,"Elev_m",1319.03574219388
"8",3,"Elev_m",1318.66093886492
"9",3.25,"Elev_m",1310.33512405392
"10",3.5,"Elev_m",1309.9683853228
"11",3.75,"Elev_m",1311.04739396868
"12",4,"Elev_m",1313.28155729994
"13",4.25,"Elev_m",1316.01552212625
"14",4.5,"Elev_m",1310.52277507842
"15",4.75,"Elev_m",1311.17633937548
"16",5,"Elev_m",1314
"17",5.25,"Elev_m",1312.2061704253
"18",5.5,"Elev_m",1310.82259612605
"19",5.75,"Elev_m",1308.77632909036
"20",6,"Elev_m",1300.44800593887
"21",6.25,"Elev_m",1305.10440609582
"22",6.5,"Elev_m",1291.35474038534
"23",6.75,"Elev_m",1299.94147467223
"24",7,"Elev_m",1296.64135379333
"25",7.25,"Elev_m",1297.05579402834
"26",7.5,"Elev_m",1305.05710470475
"27",7.75,"Elev_m",1300.06515293921
"28",8,"Elev_m",1299.88568509701
"29",8.25,"Elev_m",1300.45323626057
"30",8.5,"Elev_m",1302.85911844284
"31",8.75,"Elev_m",1304.55243151819
"32",9,"Elev_m",1306.38247674142
"33",9.25,"Elev_m",1299.59545617617
"34",9.5,"Elev_m",1303.10221189234
"35",9.75,"Elev_m",1292.43231199174
"36",10,"Elev_m",1302.37003028808
"37",10.25,"Elev_m",1292.1775006185
"38",10.5,"Elev_m",1295.69529892866
"39",10.75,"Elev_m",1290.75897617755
"40",11,"Elev_m",1285.60402182462
"41",11.25,"Elev_m",1309.29025715282
"42",11.5,"Elev_m",1288.0047180015
"43",11.75,"Elev_m",1303.56627822364
"44",12,"Elev_m",1298.10337077098
"45",12.25,"Elev_m",1295.28743632848
"46",12.5,"Elev_m",1293.72247804273
"47",12.75,"Elev_m",1299.96977601686
"48",13,"Elev_m",1301.59323628187
"49",13.25,"Elev_m",1308.3188416362
"50",13.5,"Elev_m",1293.94660793858
"51",13.75,"Elev_m",1273.68015414887
"52",14,"Elev_m",1278.8788042414
"53",14.25,"Elev_m",1291.27905779174
"54",14.5,"Elev_m",1297.47073157127
"55",14.75,"Elev_m",1296.21038485356
"56",15,"Elev_m",1293.47094482805
"57",15.25,"Elev_m",1286.81484538355
"58",15.5,"Elev_m",1294.35355553316
"59",15.75,"Elev_m",1275.7242419995
"60",16,"Elev_m",1276.44451759279
"61",16.25,"Elev_m",1291.79370729089
"62",16.5,"Elev_m",1296.06611197436
"63",16.75,"Elev_m",1293.36766360909
"64",17,"Elev_m",1281.28238939119
"65",17.25,"Elev_m",1276.83859543873
"66",17.5,"Elev_m",1289.75249645102
"67",17.75,"Elev_m",1275.50898709887
"68",18,"Elev_m",1278.46393278525
"69",18.25,"Elev_m",1281.08482602453
"70",18.5,"Elev_m",1275.95375836509
"71",18.75,"Elev_m",1279.98771061421
"72",19,"Elev_m",1281.84106226695
"73",19.25,"Elev_m",1269.40709498406
"74",19.5,"Elev_m",1267.66487357268
"75",19.75,"Elev_m",1275.68833269187
"76",20,"Elev_m",1269.81714717854
"77",20.25,"Elev_m",1264.64456054441
"78",20.5,"Elev_m",1273.57896674043
"79",20.75,"Elev_m",1276.20992778218
"80",21,"Elev_m",1271.56174866399
"81",21.25,"Elev_m",1260.9529710312
"82",21.5,"Elev_m",1260.95049108973
"83",21.75,"Elev_m",1267.94897470032
"84",22,"Elev_m",1270.04637524577
"85",22.25,"Elev_m",1268.52723053165
"86",22.5,"Elev_m",1268.26378102324
"87",22.75,"Elev_m",1261.31222177669
"88",23,"Elev_m",1261.35701189257
"89",23.25,"Elev_m",1263.09732756436
"90",23.5,"Elev_m",1265.82868972534
"91",23.75,"Elev_m",1264.0699267063
"92",24,"Elev_m",1265.37974676024
"93",24.25,"Elev_m",1262.17483255859
"94",24.5,"Elev_m",1264.79562402034
"95",24.75,"Elev_m",1262.84597804093
"96",25,"Elev_m",1254.31106470803
"97",25.25,"Elev_m",1262.19724378019
"98",25.5,"Elev_m",1256.07972412007
"99",25.75,"Elev_m",1251.90564459063
"100",26,"Elev_m",1260.30867363455
"101",26.25,"Elev_m",1264.66062354875
"102",26.5,"Elev_m",1259.62181608952
"103",26.75,"Elev_m",1259.21219600254
"104",27,"Elev_m",1263.19659133077
"105",27.25,"Elev_m",1254.52431395744
"106",27.5,"Elev_m",1254.37968050226
"107",27.75,"Elev_m",1235.75002653206
"108",28,"Elev_m",1271.26972314886
"109",28.25,"Elev_m",1257.63785773193
"110",28.5,"Elev_m",1254.09542081792
"111",28.75,"Elev_m",1257.013916647
"112",29,"Elev_m",1260.10367284028
"113",29.25,"Elev_m",1263.56468403071
"114",29.5,"Elev_m",1263.13503699616
"115",29.75,"Elev_m",1263.47042375978
"116",30,"Elev_m",1270.60375312222
"117",30.25,"Elev_m",1254.88972866289
"118",30.5,"Elev_m",1257.25242959454
"119",30.75,"Elev_m",1251.78037366532
"120",31,"Elev_m",1252.42141239091
"121",31.25,"Elev_m",1255.56086346263
"122",31.5,"Elev_m",1243.11364794864
"123",31.75,"Elev_m",1242.11262549696
"124",32,"Elev_m",1239.06050848969
"125",32.25,"Elev_m",1241.51344693344
"126",32.5,"Elev_m",1262.1875474763
"127",32.75,"Elev_m",1240.64201943018
"128",33,"Elev_m",1252.51835280123
"129",33.25,"Elev_m",1252.4326652054
"130",33.5,"Elev_m",1249.05700522994
"131",33.75,"Elev_m",1250.90700172956
"132",34,"Elev_m",1233.66888084664
"133",34.25,"Elev_m",1234.75567318001
"134",34.5,"Elev_m",1209.8037734399
"135",34.75,"Elev_m",1242.75172840755
"136",35,"Elev_m",1238.2409170557
"137",35.25,"Elev_m",1239.16428216524
"138",35.5,"Elev_m",1234.89937186677
"139",35.75,"Elev_m",1228.09370390542
"140",36,"Elev_m",1226.58139576552
"141",36.25,"Elev_m",1239.73206432708
"142",36.5,"Elev_m",1217.92785451487
"143",36.75,"Elev_m",1224.82607194356
"144",37,"Elev_m",1222.34489483908
"145",37.25,"Elev_m",1237.75987948678
"146",37.5,"Elev_m",1215.31920251816
"147",37.75,"Elev_m",1218.47091256014
"148",38,"Elev_m",1226.08167641883
"149",38.25,"Elev_m",1233.39442527576
"150",38.5,"Elev_m",1233.55889965311
"151",38.75,"Elev_m",1235.92547518523
"152",39,"Elev_m",1234.36518388459
"153",39.25,"Elev_m",1236.13678784407
"154",39.5,"Elev_m",1233.30501096366
"155",39.75,"Elev_m",1228.63048841875
"156",40,"Elev_m",1234.38878107897
"157",40.25,"Elev_m",1221.97721254796
"158",40.5,"Elev_m",1236.26214324942
"159",40.75,"Elev_m",1224.53511914496
"160",41,"Elev_m",1227.41392765824
"161",41.25,"Elev_m",1229.40215165355
"162",41.5,"Elev_m",1217.71987627927
"163",41.75,"Elev_m",1233.47962780358
"164",42,"Elev_m",1224.80684636611
"165",42.25,"Elev_m",1228.13585838593
"166",42.5,"Elev_m",1231.66154393701
"167",42.75,"Elev_m",1222.72034866865
"168",43,"Elev_m",1234.1659009664
"169",43.25,"Elev_m",1223.58052002853
"170",43.5,"Elev_m",1231.02781942452
"171",43.75,"Elev_m",1225.16052698533
"172",44,"Elev_m",1222.96229394355
"173",44.25,"Elev_m",1232.76801863429
"174",44.5,"Elev_m",1220.51746894594
"175",44.75,"Elev_m",1232.55034458235
"176",45,"Elev_m",1220.67159873552
"177",45.25,"Elev_m",1229.08560381213
"178",45.5,"Elev_m",1224.43889442644
"179",45.75,"Elev_m",1223.17986494605
"180",46,"Elev_m",1219.39091327789
"181",46.25,"Elev_m",1228.79481865298
"182",46.5,"Elev_m",1225.04526219158
"183",46.75,"Elev_m",1224.65484966802
"184",47,"Elev_m",1213.73400777975
"185",47.25,"Elev_m",1224.06215765144
"186",47.5,"Elev_m",1219.30563142066
"187",47.75,"Elev_m",1215.00125198933
"188",48,"Elev_m",1198.28594442774
"189",48.25,"Elev_m",1217.96563998763
"190",48.5,"Elev_m",1213.11276545507
"191",48.75,"Elev_m",1222.50183799707
"192",49,"Elev_m",1228.50039691019
"193",49.25,"Elev_m",1209.13176037663
"194",49.5,"Elev_m",1223.68088618352
"195",49.75,"Elev_m",1230.75267710149
"196",50,"Elev_m",1206.44862309464
"197",50.25,"Elev_m",1211.39821632639
"198",50.5,"Elev_m",1211.01719427443
"199",50.75,"Elev_m",1218.13755455416
"200",51,"Elev_m",1216.69376747618
"201",51.25,"Elev_m",1204.839368366
"202",51.5,"Elev_m",1196.51888728306
"203",51.75,"Elev_m",1200.36656140215
"204",52,"Elev_m",1216.5348933307
"205",52.25,"Elev_m",1192.22085592203
"206",52.5,"Elev_m",1209.12973509421
"207",52.75,"Elev_m",1217.98311422711
"208",53,"Elev_m",1213.32345077952
"209",53.25,"Elev_m",1198.21349401829
"210",53.5,"Elev_m",1194.51382412507
"211",53.75,"Elev_m",1196.40352263157
"212",54,"Elev_m",1207.72383046426
"213",54.25,"Elev_m",1206.04048283019
"214",54.5,"Elev_m",1194.33265537437
"215",54.75,"Elev_m",1191.15846161299
"216",55,"Elev_m",1198.51880143664
"217",55.25,"Elev_m",1183.65050580686
"218",55.5,"Elev_m",1188.69114899368
"219",55.75,"Elev_m",1186.0442434169
"220",56,"Elev_m",1197.16915557901
"221",56.25,"Elev_m",1188.61906653731
"222",56.5,"Elev_m",1189.5618196399
"223",56.75,"Elev_m",1198.69633768853
"224",57,"Elev_m",1195.12727529877
"225",57.25,"Elev_m",1182.18607128287
"226",57.5,"Elev_m",1197.6502147703
"227",57.75,"Elev_m",1194.94794579443
"228",58,"Elev_m",1177.34760176344
"229",58.25,"Elev_m",1193.18814592515
"230",58.5,"Elev_m",1198.32234147951
"231",58.75,"Elev_m",1197.51646696006
"232",59,"Elev_m",1181.31323972127
"233",59.25,"Elev_m",1201.76928705189
"234",59.5,"Elev_m",1200.78438300297
"235",59.75,"Elev_m",1196.97715737457
"236",60,"Elev_m",1185.84669004537
"237",60.25,"Elev_m",1195.79627623034
"238",60.5,"Elev_m",1196.29932420726
"239",60.75,"Elev_m",1194.96806804277
"240",61,"Elev_m",1183.9819831523
"241",61.25,"Elev_m",1190.1727923569
"242",61.5,"Elev_m",1194.40635250249
"243",61.75,"Elev_m",1198.63991264809
"244",62,"Elev_m",1190.05108919884
"245",62.25,"Elev_m",1190.72869273362
"246",62.5,"Elev_m",1194.47757111196
"247",62.75,"Elev_m",1197.05831665782
"248",63,"Elev_m",1189.68084429705
"249",63.25,"Elev_m",1185.54536651184
"250",63.5,"Elev_m",1194.61094761708
"251",63.75,"Elev_m",1194.61210966879
"252",64,"Elev_m",1188.63675085631
"253",64.25,"Elev_m",1185.42104725549
"254",64.5,"Elev_m",1188.77457436426
"255",64.75,"Elev_m",1191.04366699997
"256",65,"Elev_m",1186.16435753618
"257",65.25,"Elev_m",1191.89773899612
"258",65.5,"Elev_m",1189.06046168154
"259",65.75,"Elev_m",1184.2696678097
"260",66,"Elev_m",1173.35599688869
"261",66.25,"Elev_m",1197.29017601146
"262",66.5,"Elev_m",1183.87062104847
"263",66.75,"Elev_m",1184.85327208052
"264",67,"Elev_m",1167.46159806665
"265",67.25,"Elev_m",1168.16975533375
"266",67.5,"Elev_m",1174.91215990753
"267",67.75,"Elev_m",1167.70465096656
"268",68,"Elev_m",1176.67672107987
"269",68.25,"Elev_m",1173.27182020954
"270",68.5,"Elev_m",1163.17958959336
"271",68.75,"Elev_m",1173.83759301341
"272",69,"Elev_m",1185.08595264048
"273",69.25,"Elev_m",1159.40318605602
"274",69.5,"Elev_m",1172.74571237352
"275",69.75,"Elev_m",1165.99486667322
"276",70,"Elev_m",1156.91445527169
"277",70.25,"Elev_m",1172.96924596474
"278",70.5,"Elev_m",1149.39103572659
"279",70.75,"Elev_m",1151.97422268168
"280",71,"Elev_m",1147.967917195
"281",71.25,"Elev_m",1149.55292177416
"282",71.5,"Elev_m",1137.05549582565
"283",71.75,"Elev_m",1153.03632923171
"284",72,"Elev_m",1150.82085610886
"285",72.25,"Elev_m",1151.00861538818
"286",72.5,"Elev_m",1149.60638315941
"287",72.75,"Elev_m",1162.65091806291
"288",73,"Elev_m",1147.58865501142
"289",73.25,"Elev_m",1145.16206226986
"290",73.5,"Elev_m",1153.2472538891
"291",73.75,"Elev_m",1157.10441888731
"292",74,"Elev_m",1151.96007792817
"293",74.25,"Elev_m",1139.78926497996
"294",74.5,"Elev_m",1147
"295",74.75,"Elev_m",1139.48037065071
"296",75,"Elev_m",1136.06532061312
"297",75.25,"Elev_m",1149.30663749171
"298",75.5,"Elev_m",1153.96935843481
"299",75.75,"Elev_m",1156.49944437064
"300",76,"Elev_m",1148.82977095529
"301",76.25,"Elev_m",1141.02355852301
"302",76.5,"Elev_m",1163.70155863767
"303",76.75,"Elev_m",1148.15365502361
"304",77,"Elev_m",1149.94021888066
"305",77.25,"Elev_m",1151.14043678742
"306",77.5,"Elev_m",1140.84167284589
"307",77.75,"Elev_m",1143.27632745456
"308",78,"Elev_m",1150.82902413525
"309",78.25,"Elev_m",1123.17623126086
"310",78.5,"Elev_m",1122.9124255527
"311",78.75,"Elev_m",1120.5072895479
"312",79,"Elev_m",1115.53516071919
"313",79.25,"Elev_m",1115.89623672733
"314",79.5,"Elev_m",1119.60871922767
"315",79.75,"Elev_m",1129.29469090542
"316",80,"Elev_m",1130.21908287372
"317",80.25,"Elev_m",1110.4406271047
"318",80.5,"Elev_m",1115.68420894672
"319",80.75,"Elev_m",1127.90344695746
"320",81,"Elev_m",1125.7693862441
"321",81.25,"Elev_m",1122.76937539595
"322",81.5,"Elev_m",1124.68084189281
"323",81.75,"Elev_m",1123.23203395169
"324",82,"Elev_m",1110.33415937862
"325",82.25,"Elev_m",1110.50085483136
"326",82.5,"Elev_m",1123.09261330229
"327",82.75,"Elev_m",1107.07674823246
"328",83,"Elev_m",1106.93317875315
"329",83.25,"Elev_m",1123.78536922134
"330",83.5,"Elev_m",1113.59559425713
"331",83.75,"Elev_m",1121.07309018797
"332",84,"Elev_m",1116.98572754266
"333",84.25,"Elev_m",1124.94488660115
"334",84.5,"Elev_m",1114.27082165161
"335",84.75,"Elev_m",1111.93314663258
"336",85,"Elev_m",1109.37233948407
"337",85.25,"Elev_m",1096.89932187791
"338",85.5,"Elev_m",1099.85209051493
"339",85.75,"Elev_m",1093.71972700979
"340",86,"Elev_m",1095.09443311361
"341",86.25,"Elev_m",1109.61246792967
"342",86.5,"Elev_m",1095.43790624194
"343",86.75,"Elev_m",1097.47681532461
"344",87,"Elev_m",1120.88771452255
"345",87.25,"Elev_m",1113.72312905256
"346",87.5,"Elev_m",1100.18000568769
"347",87.75,"Elev_m",1104.3164301218
"348",88,"Elev_m",1106.92180158523
"349",88.25,"Elev_m",1094.27238212872
"350",88.5,"Elev_m",1096.22070203141
"351",88.75,"Elev_m",1103.05739495207
"352",89,"Elev_m",1091.30280688614
"353",89.25,"Elev_m",1087.13287880062
"354",89.5,"Elev_m",1090.36025870672
"355",89.75,"Elev_m",1091.13260386329
"356",90,"Elev_m",1084.19088589183
"357",90.25,"Elev_m",1096.64847591056
"358",90.5,"Elev_m",1084.43126131251
"359",90.75,"Elev_m",1074.33872418294
"360",91,"Elev_m",1077.30070260462
"361",91.25,"Elev_m",1085.53859102608
"362",91.5,"Elev_m",1083.01035065791
"363",91.75,"Elev_m",1073.82341548126
"364",92,"Elev_m",1077.93481442215
"365",92.25,"Elev_m",1065.80944122279
"366",92.5,"Elev_m",1068.6597060235
"367",92.75,"Elev_m",1067.85225716922
"368",93,"Elev_m",1061.25517191
"369",93.25,"Elev_m",1063.80539937082
"370",93.5,"Elev_m",1088.68028926125
"371",93.75,"Elev_m",1082.65422643175
"372",94,"Elev_m",1081.65540918052
"373",94.25,"Elev_m",1060.67213718693
"374",94.5,"Elev_m",1065.9956590723
"375",94.75,"Elev_m",1065.15387270537
"376",95,"Elev_m",1053.4355096993
"377",95.25,"Elev_m",1060.43150456614
"378",95.5,"Elev_m",1048.24457562296
"379",95.75,"Elev_m",1066.00585454408
"380",96,"Elev_m",1073.48515185252
"381",1.25,"TotET_mm",1048.34063643682
"382",1.5,"TotET_mm",1325.81535041663
"383",1.75,"TotET_mm",1039.7716655752
"384",2,"TotET_mm",1251.92948047195
"385",2.25,"TotET_mm",1152.28999592262
"386",2.5,"TotET_mm",1045.81013944096
"387",2.75,"TotET_mm",886.086408826675
"388",3,"TotET_mm",872.417397423372
"389",3.25,"TotET_mm",821.741863344537
"390",3.5,"TotET_mm",797.817673697473
"391",3.75,"TotET_mm",929.718965447192
"392",4,"TotET_mm",991.338521494118
"393",4.25,"TotET_mm",845.966082618023
"394",4.5,"TotET_mm",922.166323412316
"395",4.75,"TotET_mm",730.417330890105
"396",5,"TotET_mm",1005.18911821998
"397",5.25,"TotET_mm",880.124918123597
"398",5.5,"TotET_mm",765.915157443864
"399",5.75,"TotET_mm",692.27129335899
"400",6,"TotET_mm",717.190876156361
"401",6.25,"TotET_mm",701.320906225859
"402",6.5,"TotET_mm",703.392354856072
"403",6.75,"TotET_mm",744.093152408153
"404",7,"TotET_mm",1047.53703931118
"405",7.25,"TotET_mm",797.104077270062
"406",7.5,"TotET_mm",977.02582736307
"407",7.75,"TotET_mm",898.142092122577
"408",8,"TotET_mm",907.089483116094
"409",8.25,"TotET_mm",940.774166068688
"410",8.5,"TotET_mm",901.695563863567
"411",8.75,"TotET_mm",886.445496526369
"412",9,"TotET_mm",1039.77853677065
"413",9.25,"TotET_mm",862.908265073782
"414",9.5,"TotET_mm",903.094310992355
"415",9.75,"TotET_mm",595.737276700321
"416",10,"TotET_mm",763.834870805697
"417",10.25,"TotET_mm",1062.44511036563
"418",10.5,"TotET_mm",749.450476274757
"419",10.75,"TotET_mm",1075.21381058193
"420",11,"TotET_mm",639.029547211946
"421",11.25,"TotET_mm",584.143184244287
"422",11.5,"TotET_mm",584.860763294729
"423",11.75,"TotET_mm",598.126025746236
"424",12,"TotET_mm",807.612941016068
"425",12.25,"TotET_mm",835.365358542403
"426",12.5,"TotET_mm",875.838067241773
"427",12.75,"TotET_mm",731.173254160328
"428",13,"TotET_mm",867.899420794944
"429",13.25,"TotET_mm",746.48485978916
"430",13.5,"TotET_mm",845.699647408837
"431",13.75,"TotET_mm",1020.81491027522
"432",14,"TotET_mm",1162.6837583826
"433",14.25,"TotET_mm",1250.01992676937
"434",14.5,"TotET_mm",877.290536784974
"435",14.75,"TotET_mm",1284.87805256081
"436",15,"TotET_mm",1204.5533580804
"437",15.25,"TotET_mm",733.012021713397
"438",15.5,"TotET_mm",640.112474608958
"439",15.75,"TotET_mm",808.962012819571
"440",16,"TotET_mm",1138.18724182623
"441",16.25,"TotET_mm",1010.74954653074
"442",16.5,"TotET_mm",1171.66105955832
"443",16.75,"TotET_mm",870.4644671986
"444",17,"TotET_mm",1018.34471779487
"445",17.25,"TotET_mm",1205.29108900047
"446",17.5,"TotET_mm",1139.94543155944
"447",17.75,"TotET_mm",1036.31378314693
"448",18,"TotET_mm",1323.57454294379
"449",18.25,"TotET_mm",1016.95690059121
"450",18.5,"TotET_mm",1064.29015574798
"451",18.75,"TotET_mm",1070.02055156568
"452",19,"TotET_mm",1075.00998633026
"453",19.25,"TotET_mm",1077.01643120982
"454",19.5,"TotET_mm",849.567497100592
"455",19.75,"TotET_mm",1024.8783336395
"456",20,"TotET_mm",1009.03465727919
"457",20.25,"TotET_mm",773.70037915262
"458",20.5,"TotET_mm",905.510522416911
"459",20.75,"TotET_mm",848.386318986268
"460",21,"TotET_mm",876.238297044093
"461",21.25,"TotET_mm",818.289678959355
"462",21.5,"TotET_mm",885.153642360109
"463",21.75,"TotET_mm",786.766584118584
"464",22,"TotET_mm",840.727988819289
"465",22.25,"TotET_mm",833.946956034853
"466",22.5,"TotET_mm",909.11193196479
"467",22.75,"TotET_mm",906.599047268152
"468",23,"TotET_mm",921.806598573928
"469",23.25,"TotET_mm",834.181426164298
"470",23.5,"TotET_mm",913.04587057076
"471",23.75,"TotET_mm",1027.86315639862
"472",24,"TotET_mm",678.959355209448
"473",24.25,"TotET_mm",773.747147162066
"474",24.5,"TotET_mm",879.854149188779
"475",24.75,"TotET_mm",848.622417501555
"476",25,"TotET_mm",1310.75433618911
"477",25.25,"TotET_mm",1446.17211535341
"478",25.5,"TotET_mm",1067.61652836215
"479",25.75,"TotET_mm",1226.15096548604
"480",26,"TotET_mm",1303.81268858588
"481",26.25,"TotET_mm",875.657889917635
"482",26.5,"TotET_mm",897.884567729251
"483",26.75,"TotET_mm",927.515142375391
"484",27,"TotET_mm",1044.67945676081
"485",27.25,"TotET_mm",845.73831194479
"486",27.5,"TotET_mm",801.136839397478
"487",27.75,"TotET_mm",942.733867772464
"488",28,"TotET_mm",1046.16236232743
"489",28.25,"TotET_mm",1107.1107252125
"490",28.5,"TotET_mm",1123.34029436342
"491",28.75,"TotET_mm",1056.24546012307
"492",29,"TotET_mm",1281.8995841611
"493",29.25,"TotET_mm",786.781182077282
"494",29.5,"TotET_mm",867.29871780086
"495",29.75,"TotET_mm",793.955929953562
"496",30,"TotET_mm",1223.62231251901
"497",30.25,"TotET_mm",1255.97361843018
"498",30.5,"TotET_mm",946.478655157205
"499",30.75,"TotET_mm",1132.24128141464
"500",31,"TotET_mm",1323.92699282129
"501",31.25,"TotET_mm",1520.80905616867
"502",31.5,"TotET_mm",1499.30810465818
"503",31.75,"TotET_mm",1688.16020326164
"504",32,"TotET_mm",1526.1117440306
"505",32.25,"TotET_mm",1439.42425345837
"506",32.5,"TotET_mm",1343.37083890843
"507",32.75,"TotET_mm",1338.40449941225
"508",33,"TotET_mm",1134.87491088183
"509",33.25,"TotET_mm",1044.60981364894
"510",33.5,"TotET_mm",888.271334730784
"511",33.75,"TotET_mm",1021.85473418569
"512",34,"TotET_mm",933.116541572503
"513",34.25,"TotET_mm",906.12161410252
"514",34.5,"TotET_mm",895.458470894494
"515",34.75,"TotET_mm",796.295491754936
"516",35,"TotET_mm",840.720635470469
"517",35.25,"TotET_mm",797.364004469385
"518",35.5,"TotET_mm",741.43097945875
"519",35.75,"TotET_mm",660.757122914224
"520",36,"TotET_mm",818.824124212431
"521",36.25,"TotET_mm",761.240804994393
"522",36.5,"TotET_mm",1061.49598935178
"523",36.75,"TotET_mm",1060.33212811245
"524",37,"TotET_mm",1183.29304292133
"525",37.25,"TotET_mm",1134.8858688901
"526",37.5,"TotET_mm",1284.70096970643
"527",37.75,"TotET_mm",1149.66517346978
"528",38,"TotET_mm",1234.99587642769
"529",38.25,"TotET_mm",1228.8450176422
"530",38.5,"TotET_mm",1138.31397939717
"531",38.75,"TotET_mm",1246.46115609931
"532",39,"TotET_mm",1151.07248429731
"533",39.25,"TotET_mm",1091.68647068102
"534",39.5,"TotET_mm",1210.22388340618
"535",39.75,"TotET_mm",1066.11860491024
"536",40,"TotET_mm",1354.97146052312
"537",40.25,"TotET_mm",1122.9222008202
"538",40.5,"TotET_mm",1055.85525657282
"539",40.75,"TotET_mm",1122.6437088439
"540",41,"TotET_mm",1007.8265530459
"541",41.25,"TotET_mm",1229.06114352568
"542",41.5,"TotET_mm",1106.23290553096
"543",41.75,"TotET_mm",1194.86936137008
"544",42,"TotET_mm",1016.39900370174
"545",42.25,"TotET_mm",948.717116632085
"546",42.5,"TotET_mm",1185.12361139267
"547",42.75,"TotET_mm",931.492858083695
"548",43,"TotET_mm",1346.87112840583
"549",43.25,"TotET_mm",1045.32867727344
"550",43.5,"TotET_mm",1108.75726013511
"551",43.75,"TotET_mm",1120.60472189377
"552",44,"TotET_mm",957.477974362836
"553",44.25,"TotET_mm",999.172843916299
"554",44.5,"TotET_mm",648.123666617061
"555",44.75,"TotET_mm",876.108696067624
"556",45,"TotET_mm",889.718560052211
"557",45.25,"TotET_mm",879.446145430699
"558",45.5,"TotET_mm",1072.4244888998
"559",45.75,"TotET_mm",1058.31919114297
"560",46,"TotET_mm",612.889204687435
"561",46.25,"TotET_mm",883.637514180216
"562",46.5,"TotET_mm",985.000536326741
"563",46.75,"TotET_mm",1001.99698668153
"564",47,"TotET_mm",912.875446562683
"565",47.25,"TotET_mm",784.574252768931
"566",47.5,"TotET_mm",843.208264309535
"567",47.75,"TotET_mm",1050.12454163415
"568",48,"TotET_mm",799.644069424264
"569",48.25,"TotET_mm",789.590817883353
"570",48.5,"TotET_mm",875.157817162261
"571",48.75,"TotET_mm",895.497940762541
"572",49,"TotET_mm",908.807521929212
"573",49.25,"TotET_mm",634.252105189344
"574",49.5,"TotET_mm",870.276324499724
"575",49.75,"TotET_mm",683.432134000002
"576",50,"TotET_mm",612.137685784166
"577",50.25,"TotET_mm",1134.54212579917
"578",50.5,"TotET_mm",663.66598046912
"579",50.75,"TotET_mm",819.990440573741
"580",51,"TotET_mm",1134.70464126854
"581",51.25,"TotET_mm",796.118120480947
"582",51.5,"TotET_mm",995.958385898464
"583",51.75,"TotET_mm",828.236164416209
"584",52,"TotET_mm",911.138648160017
"585",52.25,"TotET_mm",719.243169482444
"586",52.5,"TotET_mm",469.762228773736
"587",52.75,"TotET_mm",781.56159393767
"588",53,"TotET_mm",819.49892520014
"589",53.25,"TotET_mm",781.884463201445
"590",53.5,"TotET_mm",705.563617676553
"591",53.75,"TotET_mm",617.002588963547
"592",54,"TotET_mm",505.820889958419
"593",54.25,"TotET_mm",617.788982926149
"594",54.5,"TotET_mm",604.510455426065
"595",54.75,"TotET_mm",604.843400422828
"596",55,"TotET_mm",688.122836042761
"597",55.25,"TotET_mm",496.791473911827
"598",55.5,"TotET_mm",694.671915479436
"599",55.75,"TotET_mm",686.447677073714
"600",56,"TotET_mm",724.605471598775
"601",56.25,"TotET_mm",569.650878924913
"602",56.5,"TotET_mm",722.251634440966
"603",56.75,"TotET_mm",695.095802992777
"604",57,"TotET_mm",490.735582465774
"605",57.25,"TotET_mm",773.980666286046
"606",57.5,"TotET_mm",892.653599302119
"607",57.75,"TotET_mm",1011.32653231819
"608",58,"TotET_mm",700.926721166324
"609",58.25,"TotET_mm",632.661730903061
"610",58.5,"TotET_mm",760.403022839274
"611",58.75,"TotET_mm",731.294170743769
"612",59,"TotET_mm",818.913316666857
"613",59.25,"TotET_mm",663.366771316038
"614",59.5,"TotET_mm",922.594533445084
"615",59.75,"TotET_mm",757.697686977254
"616",60,"TotET_mm",733.72476623628
"617",60.25,"TotET_mm",700.477319130615
"618",60.5,"TotET_mm",1022.4006950116
"619",60.75,"TotET_mm",865.86809771545
"620",61,"TotET_mm",735.386097437934
"621",61.25,"TotET_mm",757.104533394519
"622",61.5,"TotET_mm",1024.18446868078
"623",61.75,"TotET_mm",872.85879898693
"624",62,"TotET_mm",791.598033981032
"625",62.25,"TotET_mm",875.165638391576
"626",62.5,"TotET_mm",936.118039687386
"627",62.75,"TotET_mm",805.02259524335
"628",63,"TotET_mm",857.242062987483
"629",63.25,"TotET_mm",856.95134243398
"630",63.5,"TotET_mm",805.620400975716
"631",63.75,"TotET_mm",797.983101209055
"632",64,"TotET_mm",949.748048412977
"633",64.25,"TotET_mm",879.593244371602
"634",64.5,"TotET_mm",710.721317677933
"635",64.75,"TotET_mm",426.965553717884
"636",65,"TotET_mm",757.315856289397
"637",65.25,"TotET_mm",619.639483958809
"638",65.5,"TotET_mm",522.232745319673
"639",65.75,"TotET_mm",833.374496934105
"640",66,"TotET_mm",632.654281593569
"641",66.25,"TotET_mm",510.462382809103
"642",66.5,"TotET_mm",597.718177649953
"643",66.75,"TotET_mm",928.117343555798
"644",67,"TotET_mm",688.545005454753
"645",67.25,"TotET_mm",470.969529733373
"646",67.5,"TotET_mm",520.277686887044
"647",67.75,"TotET_mm",547.39130275796
"648",68,"TotET_mm",661.430978071338
"649",68.25,"TotET_mm",434.983847588567
"650",68.5,"TotET_mm",468.302377361503
"651",68.75,"TotET_mm",413.685562631369
"652",69,"TotET_mm",529.822409293449
"653",69.25,"TotET_mm",403.516910524405
"654",69.5,"TotET_mm",706.562347878354
"655",69.75,"TotET_mm",621.421999175477
"656",70,"TotET_mm",722.78316041131
"657",70.25,"TotET_mm",522.862766261206
"658",70.5,"TotET_mm",742.00699122035
"659",70.75,"TotET_mm",1283.11387315076
"660",71,"TotET_mm",934.607166536139
"661",71.25,"TotET_mm",1166.32418483573
"662",71.5,"TotET_mm",1018.47309183127
"663",71.75,"TotET_mm",723.990150746506
"664",72,"TotET_mm",775.426125588943
"665",72.25,"TotET_mm",608.309224559915
"666",72.5,"TotET_mm",755.283427571835
"667",72.75,"TotET_mm",1105.87495270726
"668",73,"TotET_mm",1130.44333218347
"669",73.25,"TotET_mm",1159.08563790562
"670",73.5,"TotET_mm",1218.60208562764
"671",73.75,"TotET_mm",1352.0933780586
"672",74,"TotET_mm",1331.62627020944
"673",74.25,"TotET_mm",1150.28699388056
"674",74.5,"TotET_mm",980.860463486718
"675",74.75,"TotET_mm",749.766585031102
"676",75,"TotET_mm",735.709836152386
"677",75.25,"TotET_mm",1111.41849902776
"678",75.5,"TotET_mm",652.93183291484
"679",75.75,"TotET_mm",606.624760426624
"680",76,"TotET_mm",568.800049243447
"681",76.25,"TotET_mm",498.031238687202
"682",76.5,"TotET_mm",423.751898223343
"683",76.75,"TotET_mm",342.506903095271
"684",77,"TotET_mm",780.915996943814
"685",77.25,"TotET_mm",440.233683565895
"686",77.5,"TotET_mm",523.174974479604
"687",77.75,"TotET_mm",554.991710822732
"688",78,"TotET_mm",513.283431363265
"689",78.25,"TotET_mm",505.269917891146
"690",78.5,"TotET_mm",669.234806364477
"691",78.75,"TotET_mm",668.504731518501
"692",79,"TotET_mm",393.310269207739
"693",79.25,"TotET_mm",691.084361443419
"694",79.5,"TotET_mm",505.079296358473
"695",79.75,"TotET_mm",963.458242246204
"696",80,"TotET_mm",714.905355826762
"697",80.25,"TotET_mm",420.157663456657
"698",80.5,"TotET_mm",589.604860098742
"699",80.75,"TotET_mm",568.775610947804
"700",81,"TotET_mm",433.320186613938
"701",81.25,"TotET_mm",589.989138915749
"702",81.5,"TotET_mm",738.606194004758
"703",81.75,"TotET_mm",1009.32373936363
"704",82,"TotET_mm",1100.44324340034
"705",82.25,"TotET_mm",625.964174786083
"706",82.5,"TotET_mm",850.16836332866
"707",82.75,"TotET_mm",915.636942082741
"708",83,"TotET_mm",844.335257178102
"709",83.25,"TotET_mm",661.03799778896
"710",83.5,"TotET_mm",878.829583334905
"711",83.75,"TotET_mm",1087.21085728408
"712",84,"TotET_mm",808.469344118702
"713",84.25,"TotET_mm",1043.87273578193
"714",84.5,"TotET_mm",842.524737119407
"715",84.75,"TotET_mm",851.375866804965
"716",85,"TotET_mm",1137.13203742977
"717",85.25,"TotET_mm",1003.06020805558
"718",85.5,"TotET_mm",663.018113739558
"719",85.75,"TotET_mm",966.89754347999
"720",86,"TotET_mm",817.648251373154
"721",86.25,"TotET_mm",1004.54232272318
"722",86.5,"TotET_mm",924.073134004379
"723",86.75,"TotET_mm",635.860379019311
"724",87,"TotET_mm",468.292431669165
"725",87.25,"TotET_mm",821.029654498953
"726",87.5,"TotET_mm",528.718239606611
"727",87.75,"TotET_mm",428.669984137441
"728",88,"TotET_mm",625.630734212661
"729",88.25,"TotET_mm",820.856147266231
"730",88.5,"TotET_mm",849.606617183236
"731",88.75,"TotET_mm",824.831637010381
"732",89,"TotET_mm",756.174856918263
"733",89.25,"TotET_mm",617.13903417582
"734",89.5,"TotET_mm",493.93058560301
"735",89.75,"TotET_mm",591.884116147456
"736",90,"TotET_mm",808.703086324373
"737",90.25,"TotET_mm",775.272386476481
"738",90.5,"TotET_mm",741.488959468053
"739",90.75,"TotET_mm",609.940466705847
"740",91,"TotET_mm",419.562973241555
"741",91.25,"TotET_mm",512.038676670075
"742",91.5,"TotET_mm",674.230013571625
"743",91.75,"TotET_mm",637.451479945693
"744",92,"TotET_mm",817.353496515332
"745",92.25,"TotET_mm",585.45204785715
"746",92.5,"TotET_mm",590.958663351212
"747",92.75,"TotET_mm",657.305721457597
"748",93,"TotET_mm",631.290568245924
"749",93.25,"TotET_mm",619.919717011104
"750",93.5,"TotET_mm",813.768695165687
"751",93.75,"TotET_mm",959.377363572377
"752",94,"TotET_mm",663.861043284807
"753",94.25,"TotET_mm",810.937259683633
"754",94.5,"TotET_mm",737.759538253339
"755",94.75,"TotET_mm",628.808537875162
"756",95,"TotET_mm",456.360818544571
"757",95.25,"TotET_mm",1057.7895488056
"758",95.5,"TotET_mm",499.995599588637
"759",95.75,"TotET_mm",900.164874274947
"760",96,"TotET_mm",933.796080139821
"761",1.25,"slope_pct",0.074692943302363
"762",1.5,"slope_pct",-0.0746271469726753
"763",1.75,"slope_pct",-0.0897201837650436
"764",2,"slope_pct",-0.225298840695959
"765",2.25,"slope_pct",-0.230012272498708
"766",2.5,"slope_pct",-0.392350680486437
"767",2.75,"slope_pct",-0.313373135882254
"768",3,"slope_pct",-0.298308101555172
"769",3.25,"slope_pct",-0.201318413812366
"770",3.5,"slope_pct",-0.220232104490663
"771",3.75,"slope_pct",-0.274520896741713
"772",4,"slope_pct",-0.0669546788411192
"773",4.25,"slope_pct",0.113854254061249
"774",4.5,"slope_pct",0.0232725015478536
"775",4.75,"slope_pct",-0.137350810102109
"776",5,"slope_pct",-0.476148742712605
"777",5.25,"slope_pct",-0.545641306563834
"778",5.5,"slope_pct",-0.836145120456655
"779",5.75,"slope_pct",-0.916355710020895
"780",6,"slope_pct",-0.992242043745464
"781",6.25,"slope_pct",-0.866054713171688
"782",6.5,"slope_pct",-0.473332043906069
"783",6.75,"slope_pct",-0.21218679355951
"784",7,"slope_pct",0.047680034384351
"785",7.25,"slope_pct",0.104341748262574
"786",7.5,"slope_pct",0.380338790088217
"787",7.75,"slope_pct",0.258137241260394
"788",8,"slope_pct",0.382976767062831
"789",8.25,"slope_pct",0.173885034700678
"790",8.5,"slope_pct",0.0524274467179157
"791",8.75,"slope_pct",-0.127159901827386
"792",9,"slope_pct",-0.12397453656827
"793",9.25,"slope_pct",-0.413938072896975
"794",9.5,"slope_pct",-0.539787385645898
"795",9.75,"slope_pct",-0.685356316802946
"796",10,"slope_pct",-0.831279313091204
"797",10.25,"slope_pct",-0.158245128562354
"798",10.5,"slope_pct",-0.298444542986643
"799",10.75,"slope_pct",0.170494426883254
"800",11,"slope_pct",0.134998759119902
"801",11.25,"slope_pct",0.317861724239774
"802",11.5,"slope_pct",0.16645877248414
"803",11.75,"slope_pct",0.288610527549216
"804",12,"slope_pct",0.261013950722915
"805",12.25,"slope_pct",0.168706637552248
"806",12.5,"slope_pct",0.33124880464128
"807",12.75,"slope_pct",-0.653874772944485
"808",13,"slope_pct",-0.886151914973867
"809",13.25,"slope_pct",-0.805269384201421
"810",13.5,"slope_pct",-0.60764461419643
"811",13.75,"slope_pct",-0.510349667807377
"812",14,"slope_pct",-0.29444923503316
"813",14.25,"slope_pct",-0.158603904019742
"814",14.5,"slope_pct",0.500983148783181
"815",14.75,"slope_pct",0.27781595812122
"816",15,"slope_pct",-0.480209903449265
"817",15.25,"slope_pct",-0.674064792945633
"818",15.5,"slope_pct",-0.426746459534603
"819",15.75,"slope_pct",-0.0769113177642657
"820",16,"slope_pct",-0.0640079259803921
"821",16.25,"slope_pct",-0.161400404029805
"822",16.5,"slope_pct",-0.0254098406393723
"823",16.75,"slope_pct",-0.0375401954355736
"824",17,"slope_pct",-0.466218660155403
"825",17.25,"slope_pct",-0.819262057289499
"826",17.5,"slope_pct",-0.828429658283479
"827",17.75,"slope_pct",-0.482012050346398
"828",18,"slope_pct",-0.0689306681113673
"829",18.25,"slope_pct",-0.313420211735812
"830",18.5,"slope_pct",-0.673326828697911
"831",18.75,"slope_pct",-0.327653022965082
"832",19,"slope_pct",-0.519566717598471
"833",19.25,"slope_pct",-0.712972266793789
"834",19.5,"slope_pct",-0.488634727847059
"835",19.75,"slope_pct",-0.315134754540965
"836",20,"slope_pct",-0.132828945529691
"837",20.25,"slope_pct",-0.115472405300252
"838",20.5,"slope_pct",-0.373393631367867
"839",20.75,"slope_pct",-0.446385315569922
"840",21,"slope_pct",-0.197891688771404
"841",21.25,"slope_pct",-0.148001721819964
"842",21.5,"slope_pct",-0.268957185250873
"843",21.75,"slope_pct",-0.301602158581625
"844",22,"slope_pct",-0.163575727672375
"845",22.25,"slope_pct",-0.0350607435241591
"846",22.5,"slope_pct",-0.130905882178765
"847",22.75,"slope_pct",-0.306238824017584
"848",23,"slope_pct",-0.23415668150876
"849",23.25,"slope_pct",-0.160497379928241
"850",23.5,"slope_pct",-0.0151115119240058
"851",23.75,"slope_pct",0.0943795230910473
"852",24,"slope_pct",-0.219327085774333
"853",24.25,"slope_pct",-0.274568201728425
"854",24.5,"slope_pct",-0.440534198809914
"855",24.75,"slope_pct",-0.579979555015363
"856",25,"slope_pct",-0.461149269786227
"857",25.25,"slope_pct",-0.157531297902128
"858",25.5,"slope_pct",-0.0903178435756839
"859",25.75,"slope_pct",0.0703522336168135
"860",26,"slope_pct",0.309507507033551
"861",26.25,"slope_pct",0.0305675174659427
"862",26.5,"slope_pct",0.00922160983612989
"863",26.75,"slope_pct",-0.660715303816746
"864",27,"slope_pct",-0.387064974749607
"865",27.25,"slope_pct",-0.325923945724723
"866",27.5,"slope_pct",-0.196377464582655
"867",27.75,"slope_pct",-0.0865299917673958
"868",28,"slope_pct",0.109442972919555
"869",28.25,"slope_pct",0.524579568040681
"870",28.5,"slope_pct",0.636729045129731
"871",28.75,"slope_pct",0.695596233818067
"872",29,"slope_pct",0.263092118114484
"873",29.25,"slope_pct",0.363179060121053
"874",29.5,"slope_pct",0.181075809647345
"875",29.75,"slope_pct",-0.262460641823403
"876",30,"slope_pct",-0.576185885291923
"877",30.25,"slope_pct",-0.672583865364399
"878",30.5,"slope_pct",-0.955255156944672
"879",30.75,"slope_pct",-1.14260170784102
"880",31,"slope_pct",-1.26000907681598
"881",31.25,"slope_pct",-0.911494340075636
"882",31.5,"slope_pct",-0.341535696244875
"883",31.75,"slope_pct",-0.31601989467832
"884",32,"slope_pct",-0.0454676664284655
"885",32.25,"slope_pct",0.239247655879332
"886",32.5,"slope_pct",0.538518729135615
"887",32.75,"slope_pct",0.515574913466617
"888",33,"slope_pct",-0.0523752326756115
"889",33.25,"slope_pct",-0.636789852501655
"890",33.5,"slope_pct",-1.77612494854099
"891",33.75,"slope_pct",-1.13631340405749
"892",34,"slope_pct",-1.20540230336887
"893",34.25,"slope_pct",-0.837983004894066
"894",34.5,"slope_pct",-0.498123763333006
"895",34.75,"slope_pct",-0.335382377665806
"896",35,"slope_pct",-0.0115473169118938
"897",35.25,"slope_pct",0.250538915813238
"898",35.5,"slope_pct",-0.073015258544577
"899",35.75,"slope_pct",-0.932161501706866
"900",36,"slope_pct",-0.859355958758036
"901",36.25,"slope_pct",-0.389798979808716
"902",36.5,"slope_pct",-0.484674299245162
"903",36.75,"slope_pct",-0.478700496530776
"904",37,"slope_pct",-0.387105527585259
"905",37.25,"slope_pct",-0.137500677207869
"906",37.5,"slope_pct",0.509425578549546
"907",37.75,"slope_pct",0.533807952582673
"908",38,"slope_pct",0.626539001752735
"909",38.25,"slope_pct",0.620212840086132
"910",38.5,"slope_pct",0.960259496498535
"911",38.75,"slope_pct",0.457328776246838
"912",39,"slope_pct",0.124267622329811
"913",39.25,"slope_pct",-0.39219568724987
"914",39.5,"slope_pct",-0.256606123754059
"915",39.75,"slope_pct",-0.4473728436232
"916",40,"slope_pct",-0.42232694868007
"917",40.25,"slope_pct",-0.339527807036444
"918",40.5,"slope_pct",-0.476115661850664
"919",40.75,"slope_pct",-0.164056628265218
"920",41,"slope_pct",-0.240253296775272
"921",41.25,"slope_pct",-0.0102422757319618
"922",41.5,"slope_pct",-0.0582457730729751
"923",41.75,"slope_pct",0.066921003217908
"924",42,"slope_pct",0.196680334505204
"925",42.25,"slope_pct",0.0759179124157026
"926",42.5,"slope_pct",0.245580324927647
"927",42.75,"slope_pct",-0.141465358554651
"928",43,"slope_pct",-0.111409877047771
"929",43.25,"slope_pct",-0.0388455593030024
"930",43.5,"slope_pct",-0.235069981041634
"931",43.75,"slope_pct",0.0578943954932463
"932",44,"slope_pct",-0.269872963801717
"933",44.25,"slope_pct",0.0219098884256588
"934",44.5,"slope_pct",-0.129196893199287
"935",44.75,"slope_pct",-0.0713569770878985
"936",45,"slope_pct",-0.257812490243975
"937",45.25,"slope_pct",-0.228307536740558
"938",45.5,"slope_pct",-0.0108167639125454
"939",45.75,"slope_pct",-0.160603605039776
"940",46,"slope_pct",-0.228099580121282
"941",46.25,"slope_pct",-0.29069417483466
"942",46.5,"slope_pct",-0.222266359254495
"943",46.75,"slope_pct",-0.358312492089743
"944",47,"slope_pct",-0.919150192999721
"945",47.25,"slope_pct",-0.915534931129388
"946",47.5,"slope_pct",-0.718364322355622
"947",47.75,"slope_pct",-0.291256639855859
"948",48,"slope_pct",0.299755024171715
"949",48.25,"slope_pct",-0.0153953305857704
"950",48.5,"slope_pct",0.432384314584292
"951",48.75,"slope_pct",0.912735986327184
"952",49,"slope_pct",0.525186598970925
"953",49.25,"slope_pct",-0.230533028293871
"954",49.5,"slope_pct",-0.427838537605652
"955",49.75,"slope_pct",-0.550707285788455
"956",50,"slope_pct",-0.432606531978202
"957",50.25,"slope_pct",-0.391950653862788
"958",50.5,"slope_pct",-1.06105529878299
"959",50.75,"slope_pct",-1.05849861967428
"960",51,"slope_pct",-0.233631226662548
"961",51.25,"slope_pct",-0.772488072971717
"962",51.5,"slope_pct",-0.600603252480581
"963",51.75,"slope_pct",-0.190205848629324
"964",52,"slope_pct",0.28683973959255
"965",52.25,"slope_pct",0.344920936746427
"966",52.5,"slope_pct",0.0323994561278187
"967",52.75,"slope_pct",-0.438242472142322
"968",53,"slope_pct",-0.47798462322809
"969",53.25,"slope_pct",-0.0727201073516258
"970",53.5,"slope_pct",-0.720169500582378
"971",53.75,"slope_pct",-0.902713418059782
"972",54,"slope_pct",-0.474060479268081
"973",54.25,"slope_pct",-0.467455453587333
"974",54.5,"slope_pct",-0.632278868481186
"975",54.75,"slope_pct",-0.927526461698879
"976",55,"slope_pct",-0.806655908989072
"977",55.25,"slope_pct",-0.541548355951418
"978",55.5,"slope_pct",-0.18004721513418
"979",55.75,"slope_pct",0.144637913054751
"980",56,"slope_pct",0.2392503700426
"981",56.25,"slope_pct",0.207649956156523
"982",56.5,"slope_pct",0.201701715300848
"983",56.75,"slope_pct",0.198383014893023
"984",57,"slope_pct",-0.404220357571934
"985",57.25,"slope_pct",-0.155601202631325
"986",57.5,"slope_pct",-0.0285330699386394
"987",57.75,"slope_pct",0.0437816793735388
"988",58,"slope_pct",-0.0645366781950832
"989",58.25,"slope_pct",0.369558133175597
"990",58.5,"slope_pct",0.301735291024358
"991",58.75,"slope_pct",0.523869136895941
"992",59,"slope_pct",0.36360193743147
"993",59.25,"slope_pct",-0.0573460598063729
"994",59.5,"slope_pct",-0.0598524687154865
"995",59.75,"slope_pct",0.0525396212537632
"996",60,"slope_pct",-0.132531213592811
"997",60.25,"slope_pct",-0.602391485557991
"998",60.5,"slope_pct",-0.336552260190798
"999",60.75,"slope_pct",0.0584379977575797
"1000",61,"slope_pct",0.111781911811742
"1001",61.25,"slope_pct",-0.141646536341721
"1002",61.5,"slope_pct",0.00400129383769581
"1003",61.75,"slope_pct",0.244028638593171
"1004",62,"slope_pct",0.237888231907991
"1005",62.25,"slope_pct",-0.209486253759898
"1006",62.5,"slope_pct",-0.219174158865341
"1007",62.75,"slope_pct",-0.117300106139666
"1008",63,"slope_pct",-0.0350219980022863
"1009",63.25,"slope_pct",-0.258102355583219
"1010",63.5,"slope_pct",-0.338301592815271
"1011",63.75,"slope_pct",-0.220001624688116
"1012",64,"slope_pct",-0.122899029986923
"1013",64.25,"slope_pct",-0.0461956142352452
"1014",64.5,"slope_pct",-0.197781484373189
"1015",64.75,"slope_pct",-0.198369788716903
"1016",65,"slope_pct",-0.42100871718101
"1017",65.25,"slope_pct",-0.0628740775868497
"1018",65.5,"slope_pct",-0.227473858067421
"1019",65.75,"slope_pct",-0.243749199354126
"1020",66,"slope_pct",-0.62202407792859
"1021",66.25,"slope_pct",-0.986844618618184
"1022",66.5,"slope_pct",-0.860790973992634
"1023",66.75,"slope_pct",-0.908276284355156
"1024",67,"slope_pct",-0.733827449324297
"1025",67.25,"slope_pct",-0.963345356670127
"1026",67.5,"slope_pct",-0.663622265160839
"1027",67.75,"slope_pct",-0.299600338429395
"1028",68,"slope_pct",0.464019732992769
"1029",68.25,"slope_pct",-0.0385076420325004
"1030",68.5,"slope_pct",-0.107906326283674
"1031",68.75,"slope_pct",-0.163087123682132
"1032",69,"slope_pct",-0.641213901591438
"1033",69.25,"slope_pct",-0.320209285943579
"1034",69.5,"slope_pct",-0.716737138223149
"1035",69.75,"slope_pct",-1.22158246235309
"1036",70,"slope_pct",-1.40329337271521
"1037",70.25,"slope_pct",-0.995327667941192
"1038",70.5,"slope_pct",-1.53983200216733
"1039",70.75,"slope_pct",-1.06444530011254
"1040",71,"slope_pct",-0.741770183731873
"1041",71.25,"slope_pct",-0.615608462857817
"1042",71.5,"slope_pct",0.0476923542406303
"1043",71.75,"slope_pct",0.428659512862709
"1044",72,"slope_pct",0.40567333970604
"1045",72.25,"slope_pct",0.213671628353372
"1046",72.5,"slope_pct",0.308814212320238
"1047",72.75,"slope_pct",0.0656047838561432
"1048",73,"slope_pct",0.0842478896059674
"1049",73.25,"slope_pct",-0.288338112000997
"1050",73.5,"slope_pct",-0.388835262903565
"1051",73.75,"slope_pct",-0.709872834825029
"1052",74,"slope_pct",-0.619653827574345
"1053",74.25,"slope_pct",-0.501171155612506
"1054",74.5,"slope_pct",-0.350688899755253
"1055",74.75,"slope_pct",0.078053393932449
"1056",75,"slope_pct",0.409161959940914
"1057",75.25,"slope_pct",0.415791148664055
"1058",75.5,"slope_pct",0.694383371538852
"1059",75.75,"slope_pct",0.639307374322117
"1060",76,"slope_pct",0.373527734826433
"1061",76.25,"slope_pct",-0.0438134166083318
"1062",76.5,"slope_pct",-0.394911818359719
"1063",76.75,"slope_pct",-0.469228968137742
"1064",77,"slope_pct",-0.186517802034799
"1065",77.25,"slope_pct",-0.859067424858074
"1066",77.5,"slope_pct",-1.6278353496788
"1067",77.75,"slope_pct",-1.58406601100346
"1068",78,"slope_pct",-1.90318843429699
"1069",78.25,"slope_pct",-1.93567340677567
"1070",78.5,"slope_pct",-1.60219170133115
"1071",78.75,"slope_pct",-1.1434980987991
"1072",79,"slope_pct",-0.502019010553798
"1073",79.25,"slope_pct",-0.049160556253778
"1074",79.5,"slope_pct",-0.108977035109272
"1075",79.75,"slope_pct",0.198206124810711
"1076",80,"slope_pct",0.335036322849372
"1077",80.25,"slope_pct",0.191047959338954
"1078",80.5,"slope_pct",0.0618398048379383
"1079",80.75,"slope_pct",-0.0408178458516507
"1080",81,"slope_pct",-0.188708527391568
"1081",81.25,"slope_pct",-0.174937387736662
"1082",81.5,"slope_pct",-0.353213027541727
"1083",81.75,"slope_pct",-0.868138915792309
"1084",82,"slope_pct",-0.922202318371036
"1085",82.25,"slope_pct",-0.458207544214821
"1086",82.5,"slope_pct",-0.352713683890779
"1087",82.75,"slope_pct",0.0770541587431746
"1088",83,"slope_pct",0.373583744163748
"1089",83.25,"slope_pct",0.494070461435319
"1090",83.5,"slope_pct",0.238067113659999
"1091",83.75,"slope_pct",0.314317935606844
"1092",84,"slope_pct",-0.137185157603006
"1093",84.25,"slope_pct",-0.941391644631338
"1094",84.5,"slope_pct",-1.03822557323139
"1095",84.75,"slope_pct",-1.47869316939925
"1096",85,"slope_pct",-1.50074629012198
"1097",85.25,"slope_pct",-1.09870619009757
"1098",85.5,"slope_pct",-0.760194035709463
"1099",85.75,"slope_pct",-0.526399935040372
"1100",86,"slope_pct",0.365722352452835
"1101",86.25,"slope_pct",0.92173166986272
"1102",86.5,"slope_pct",0.671818513547687
"1103",86.75,"slope_pct",0.608764404644248
"1104",87,"slope_pct",0.38101248721525
"1105",87.25,"slope_pct",-0.226247576096348
"1106",87.5,"slope_pct",-0.292137608234678
"1107",87.75,"slope_pct",-0.558922779424839
"1108",88,"slope_pct",-1.12199658768499
"1109",88.25,"slope_pct",-0.974745115371074
"1110",88.5,"slope_pct",-0.755217456414928
"1111",88.75,"slope_pct",-0.810778903140058
"1112",89,"slope_pct",-0.853256002471364
"1113",89.25,"slope_pct",-0.342514690989089
"1114",89.5,"slope_pct",-0.510724246173951
"1115",89.75,"slope_pct",-0.817516655949554
"1116",90,"slope_pct",-0.671553358135211
"1117",90.25,"slope_pct",-0.526021355629994
"1118",90.5,"slope_pct",-0.548478593392732
"1119",90.75,"slope_pct",-0.680857918044843
"1120",91,"slope_pct",-0.567609477551217
"1121",91.25,"slope_pct",-0.921109658481394
"1122",91.5,"slope_pct",-0.660806812974943
"1123",91.75,"slope_pct",-0.642684624270569
"1124",92,"slope_pct",-1.0263759191759
"1125",92.25,"slope_pct",-1.15610485258345
"1126",92.5,"slope_pct",-0.257938419972199
"1127",92.75,"slope_pct",0.374313670012137
"1128",93,"slope_pct",0.676073622249904
"1129",93.25,"slope_pct",0.503112994692794
"1130",93.5,"slope_pct",0.183018359001955
"1131",93.75,"slope_pct",-0.0657565387801166
"1132",94,"slope_pct",-0.630563856412629
"1133",94.25,"slope_pct",-1.13260250310381
"1134",94.5,"slope_pct",-1.86912722396004
"1135",94.75,"slope_pct",-1.19911601891952
"1136",95,"slope_pct",-0.379362748522903
"1137",95.25,"slope_pct",-0.696940793497953
"1138",95.5,"slope_pct",-1.05560092115139
"1139",95.75,"slope_pct",-0.611680858626861
"1140",96,"slope_pct",0.0933245923156816
